{
  "label_metrics": {
    "amota": {
      "bicycle": 0.004999999999999999,
      "bus": 0.0,
      "car": 0.6873952519895145,
      "motorcycle": 0.0,
      "pedestrian": 0.4961116897867357,
      "trailer": NaN,
      "truck": 0.0
    },
    "amotp": {
      "bicycle": 1.905558041697772,
      "bus": 2.0,
      "car": 0.5095390439594822,
      "motorcycle": 2.0,
      "pedestrian": 0.7329600462936362,
      "trailer": NaN,
      "truck": 2.0
    },
    "recall": {
      "bicycle": 0.14634146341463414,
      "bus": 0.0,
      "car": 0.7536563071297989,
      "motorcycle": 0.0,
      "pedestrian": 0.7518382352941176,
      "trailer": NaN,
      "truck": 0.0
    },
    "motar": {
      "bicycle": 0.19999999999999996,
      "bus": 0.0,
      "car": 0.7833333333333334,
      "motorcycle": 0.0,
      "pedestrian": 0.6792698826597132,
      "trailer": NaN,
      "truck": 0.0
    },
    "gt": {
      "bicycle": 41.0,
      "bus": 33.0,
      "car": 2188.0,
      "motorcycle": 224.0,
      "pedestrian": 1088.0,
      "trailer": NaN,
      "truck": 95.0
    },
    "mota": {
      "bicycle": 0.024390243902439046,
      "bus": 0.0,
      "car": 0.579981718464351,
      "motorcycle": 0.0,
      "pedestrian": 0.4788602941176471,
      "trailer": NaN,
      "truck": 0.0
    },
    "motp": {
      "bicycle": 0.9925727489200948,
      "bus": 2.0,
      "car": 0.3720117173849776,
      "motorcycle": 2.0,
      "pedestrian": 0.6173077365859988,
      "trailer": NaN,
      "truck": 2.0
    },
    "mt": {
      "bicycle": 0.0,
      "bus": 0.0,
      "car": 68.0,
      "motorcycle": 0.0,
      "pedestrian": 39.0,
      "trailer": NaN,
      "truck": 0.0
    },
    "ml": {
      "bicycle": 6.0,
      "bus": 1.0,
      "car": 24.0,
      "motorcycle": 10.0,
      "pedestrian": 16.0,
      "trailer": NaN,
      "truck": 4.0
    },
    "faf": {
      "bicycle": 19.047619047619047,
      "bus": 500.0,
      "car": 433.3333333333333,
      "motorcycle": 500.0,
      "pedestrian": 361.7647058823529,
      "trailer": NaN,
      "truck": 500.0
    },
    "tp": {
      "bicycle": 5.0,
      "bus": 0.0,
      "car": 1620.0,
      "motorcycle": 0.0,
      "pedestrian": 767.0,
      "trailer": NaN,
      "truck": 0.0
    },
    "fp": {
      "bicycle": 4.0,
      "bus": NaN,
      "car": 351.0,
      "motorcycle": NaN,
      "pedestrian": 246.0,
      "trailer": NaN,
      "truck": NaN
    },
    "fn": {
      "bicycle": 35.0,
      "bus": 33.0,
      "car": 539.0,
      "motorcycle": 224.0,
      "pedestrian": 270.0,
      "trailer": NaN,
      "truck": 95.0
    },
    "ids": {
      "bicycle": 1.0,
      "bus": NaN,
      "car": 29.0,
      "motorcycle": NaN,
      "pedestrian": 51.0,
      "trailer": NaN,
      "truck": NaN
    },
    "frag": {
      "bicycle": 0.0,
      "bus": NaN,
      "car": 19.0,
      "motorcycle": NaN,
      "pedestrian": 23.0,
      "trailer": NaN,
      "truck": NaN
    },
    "tid": {
      "bicycle": 2.5,
      "bus": 20.0,
      "car": 1.3494623655913978,
      "motorcycle": 20.0,
      "pedestrian": 0.7870370370370371,
      "trailer": NaN,
      "truck": 20.0
    },
    "lgd": {
      "bicycle": 2.5,
      "bus": 20.0,
      "car": 1.6236559139784945,
      "motorcycle": 20.0,
      "pedestrian": 1.1203703703703705,
      "trailer": NaN,
      "truck": 20.0
    }
  },
  "eval_time": 146.72728371620178,
  "cfg": {
    "tracking_names": [
      "bicycle",
      "bus",
      "car",
      "motorcycle",
      "pedestrian",
      "trailer",
      "truck"
    ],
    "pretty_tracking_names": {
      "bicycle": "Bicycle",
      "bus": "Bus",
      "car": "Car",
      "motorcycle": "Motorcycle",
      "pedestrian": "Pedestrian",
      "trailer": "Trailer",
      "truck": "Truck"
    },
    "tracking_colors": {
      "bicycle": "C9",
      "bus": "C2",
      "car": "C0",
      "motorcycle": "C6",
      "pedestrian": "C5",
      "trailer": "C3",
      "truck": "C1"
    },
    "class_range": {
      "car": 50,
      "truck": 50,
      "bus": 50,
      "trailer": 50,
      "pedestrian": 40,
      "motorcycle": 40,
      "bicycle": 40
    },
    "dist_fcn": "center_distance",
    "dist_th_tp": 2.0,
    "min_recall": 0.1,
    "max_boxes_per_sample": 500,
    "metric_worst": {
      "amota": 0.0,
      "amotp": 2.0,
      "recall": 0.0,
      "motar": 0.0,
      "mota": 0.0,
      "motp": 2.0,
      "mt": 0.0,
      "ml": -1.0,
      "faf": 500,
      "gt": -1,
      "tp": 0.0,
      "fp": -1.0,
      "fn": -1.0,
      "ids": -1.0,
      "frag": -1.0,
      "tid": 20,
      "lgd": 20
    },
    "num_thresholds": 40
  },
  "amota": 0.1980844902960417,
  "amotp": 1.5246761886584814,
  "recall": 0.2753060009730918,
  "motar": 0.2771005359988411,
  "gt": 611.5,
  "mota": 0.18053870941407282,
  "motp": 1.330315367148512,
  "mt": 107.0,
  "ml": 61.0,
  "faf": 385.69094304388426,
  "tp": 2392.0,
  "fp": 601.0,
  "fn": 1196.0,
  "ids": 81.0,
  "frag": 42.0,
  "tid": 10.772749900438072,
  "lgd": 10.874004380724813,
  "meta": {
    "use_camera": false,
    "use_lidar": true,
    "use_radar": false,
    "use_map": false,
    "use_external": false
  }
}